Uuid,Same as mappings,Void/Retire,Fully specified name:en,Fully specified name:fr,Short name:en,Short name:fr,Description:en,Description:fr,Data class,Data type,Complex data handler,Answers,Members,Allow decimals,Units,Normal low,Normal high,Absolute low,Absolute high,_version:1,_order:1250
3a92b5b4-e129-49dc-86a4-8827fb5296de,,,CD stool/urine normal,CD stool/urine normal,stool/urine normal,stool/urine normal,,,Misc,N/A,,,,,,,,,,,
9b9f85c4-2d91-475b-bb36-4d822fca1eec,,,CD appetite normal,CD appetite normal,good appetite,good appetite,,,Misc,N/A,,,,,,,,,,,
a0151235-3474-4578-a7bf-e52b86206cec,,,No Dysuria,No Dysuria,no dysuria,no dysuria,,,Misc,N/A,,,,,,,,,,,
04fd435f-9e67-4dac-bc10-5e423c0d8119,,,No Nausea/Vomiting,No Nausea/Vomiting,no nausea/vomiting,no nausea/vomiting,,,Misc,N/A,,,,,,,,,,,
c5e2b565-94ba-44ac-a4d3-80738af5c2cf,,,No Fever,No Fever,no fever,no fever,,,Misc,N/A,,,,,,,,,,,
fdcdbc5a-af58-4f0f-ae92-dc8df539343a,,,No Diarrhea,No Diarrhea,no diarrhea,no diarrhea,,,Misc,N/A,,,,,,,,,,,
65864209-8f7f-4fe2-a6b1-b1e88b1ebaf5,,,Complaint Desc common,Complaint Desc common,Notes,Notes,,,Question,Coded,,CD stool/urine normal; CD appetite normal;No Fever; No Nausea/Vomiting;No Diarrhea; No Dysuria;,,,,,,,,,
6e5eb43f-6115-4ca9-82b5-7511b78f326c,,,History of Present Illness,History of Present Illness,History of Present Illness,History of Present Illness,,,Misc,Text,,,,,,,,,,,
e637b99d-067b-4677-90ea-18cc98b74393,,,Progress Note,Progress Note,Progress Note,Progress Note,,,Misc,Text,,,,,,,,,,,
c1f33255-8fe9-48fc-ae53-c4a355349ef7,,,New Case,New Case,New case of complaint?,New case of complaint?,,,Question,Boolean,,,,,,,,,,,
ee1dacc4-2888-4fc5-8852-a57ee1043dc7,,,Chief Complaint Form,Chief Complaint Form,Chief Complaint Form,Chief Complaint Form,,,ConvSet,N/A,,,Chief Complaint; History of Present Illness; New Case,,,,,,,,
82448916-29dc-4f7d-8ee9-01fb2103a855,,,Chills,Chills,chills,chills,,,Misc,N/A,,,,,,,,,,,
763c2210-5a79-4ec2-9a03-e76ae48019b3,,,Weakness,Weakness,weakness,weakness,,,Misc,N/A,,,,,,,,,,,
c4f33047-e9ee-4ad5-b6ce-20231b5d266d,,,Weight Loss,Weight Loss,weight loss,weight loss,,,Misc,N/A,,,,,,,,,,,
3384530d-8add-4577-9467-bb9e0724ad5c,,,Other General Symptoms,Other General Symptoms,General Details,General Details,,,Misc,Text,,,,,,,,,,,
a22334c5-4097-47fb-9d44-6e35a46fa5b9,,,General Symptoms,General Symptoms,GENERAL Symptoms,GENERAL Symptoms,,,Question,Coded,,Normal; Fever; Chills; Weakness; Weight Loss;,,,,,,,,,
59c63977-b8cb-4295-ac0c-019caf3308de,,,Sore Throat,Sore Throat,sore throat,sore throat,,,Misc,N/A,,,,,,,,,,,
97bf8da1-1375-49e2-9680-6c2000fe92e5,,,Sinus Drainage,Sinus Drainage,runny nose,runny nose,,,Misc,N/A,,,,,,,,,,,
df8367b6-ec88-46d2-839b-57aef9254c4e,,,Earache or Drainage,Earache or Drainage,earache/drainage,earache/drainage,,,Misc,N/A,,,,,,,,,,,
fe97659b-81f0-448e-864b-2a04967e0cba,,,Blurred Vision,Blurred Vision,blurred vision,blurred vision,,,Misc,N/A,,,,,,,,,,,
8e8599d0-c0ff-492d-89aa-4db5f0b67d29,,,HEENT Symptoms,HEENT Symptoms,HEENT Symptoms,HEENT Symptoms,,,Question,Coded,,Normal; Sore Throat; Sinus Drainage; Earache or Drainage; Blurred Vision;,,,,,,,,,
3003c174-66e7-4c0a-b1a2-d9428938930e,,,Chest Pain,Chest Pain,chest pain,chest pain,,,Misc,N/A,,,,,,,,,,,
b9bb6b88-152b-4bdf-a127-d2857a1799de,,,Palpitations,Palpitations,palpitations,palpitations,,,Misc,N/A,,,,,,,,,,,
63b8d794-2f12-42ea-8eb2-4e452fb520bd,,,Irregular Heart Rate,Irregular Heart Rate,irregular heartrate,irregular heartrate,,,Misc,N/A,,,,,,,,,,,
a9fb172f-82da-450b-ab10-fef1e6a9e407,,,PND,PND,PND,PND,,,Misc,N/A,,,,,,,,,,,
125d7fb1-d709-4979-a059-936009f734d1,,,Cardiovascular Symptoms,Cardiovascular Symptoms,CARDIOVASCULAR Symptoms,CARDIOVASCULAR Symptoms,,,Question,Coded,,Normal; Chest Pain; Palpitations; Irregular Heart Rate; PND;,,,,,,,,,
d87aa03b-9fde-495f-a88c-7836d75418b9,,,Cough,Cough,cough,cough,,,Misc,N/A,,,,,,,,,,,
6a7f863e-91ae-42d3-a1d2-2fef0eeab22f,,,Dyspnea,Dyspnea,dyspnea,dyspnea,,,Misc,N/A,,,,,,,,,,,
f6a6683e-226c-43da-a0b9-3729e454230e,,,Wheezing,Wheezing,wheezing,wheezing,,,Misc,N/A,,,,,,,,,,,
b240c02a-83f4-4ccb-824c-bd30eaa5c9be,,,Hemoptysis,Hemoptysis,hemoptysis,hemoptysis,,,Misc,N/A,,,,,,,,,,,
9abeedb4-f573-4c0d-b1b0-4d42605ad150,,,Other Respiratory Symptoms,Other Respiratory Symptoms,Other Respiratory Symptoms,Other Respiratory Symptoms,,,Misc,Text,,,,,,,,,,,
9a4da88c-adc7-4762-b6d1-95a0b3ee0ea5,,,Respiratory Symptoms,Respiratory Symptoms,CHEST/LUNG Symptoms,CHEST/LUNG Symptoms,,,Question,Coded,,Normal; Cough; Dyspnea; Wheezing; Hemoptysis;,,,,,,,,,
b59c9b56-deb1-41c6-9cdf-5f69787ace98,,,Nausea,Nausea,nausea,nausea,,,Misc,N/A,,,,,,,,,,,
6d0a2a14-7784-46a7-b32d-2ace5f5f02e4,,,Vomiting,Vomiting,vomiting,vomiting,,,Misc,N/A,,,,,,,,,,,
4aae51ac-0a7d-4c45-a67c-f19e55ede9d6,,,Abdominal pain,Abdominal pain,abdominal pain,abdominal pain,,,Misc,N/A,,,,,,,,,,,
626bff85-612d-4ca8-8902-d1290bc999c7,,,Abdominal swelling,Abdominal swelling,abdominal swelling,abdominal swelling,,,Misc,N/A,,,,,,,,,,,
a0d36794-d438-4c9f-a649-e1b264287a6f,,,Simple Diarrhea,Simple Diarrhea,simple diarrhea (< 10 per day),simple diarrhea (< 10 per day),,,Misc,N/A,,,,,,,,,,,
bb7f900a-5657-4fe9-b7d2-7e4e9952bd1e,,,Severe Diarrhea,Severe Diarrhea,severe diarrhea (10+ per day),severe diarrhea (10+ per day),,,Misc,N/A,,,,,,,,,,,
ae964ccd-d3bb-445f-8e5b-eb48d459db9a,,,Bloody Diarrhea,Bloody Diarrhea,bloody diarrhea,bloody diarrhea,,,Misc,N/A,,,,,,,,,,,
585e6c03-3dcc-41fb-b427-4a0cc61752bf,,,Mucus in Diarrhea,Mucus in Diarrhea,mucus in diarrhea,mucus in diarrhea,,,Misc,N/A,,,,,,,,,,,
fba25f4a-395a-47a3-bb8e-04c68972fbf9,,,Gastrointestinal Symptoms,Gastrointestinal Symptoms,ABDOMEN Symptoms,ABDOMEN Symptoms,,,Question,Coded,,Normal; Nausea; Vomiting; Abdominal pain; Abdominal swelling; Simple Diarrhea; Severe Diarrhea; Bloody Diarrhea; Mucus in Diarrhea;,,,,,,,,,
a41050d5-246c-4e9e-8002-2a6aecbda316,,,Dysuria,Dysuria,dysuria,dysuria,,,Misc,N/A,,,,,,,,,,,
912bd8f9-de3b-4817-8991-8f29a069e0f5,,,Frequency of Urinate,Frequency of Urinate,frequent urination,frequent urination,,,Misc,N/A,,,,,,,,,,,
e32aba60-3002-48ff-9ceb-fbb3d7a1bfad,,,Hematuria,Hematuria,hematuria,hematuria,,,Misc,N/A,,,,,,,,,,,
d313e49e-9183-4435-badd-a07ab2e44e0b,,,Incontinence,Incontinence,incontinence,incontinence,,,Misc,N/A,,,,,,,,,,,
ba285992-a668-4ca9-a02d-b27d9c1a6d87,,,Vaginal Discharge,Vaginal Discharge,vaginal discharge,vaginal discharge,,,Misc,N/A,,,,,,,,,,,
1b02ae12-509a-4294-a18f-af41fd042319,,,Hernia or Hydrocoele,Hernia or Hydrocoele,hernia/hydrocoele,hernia/hydrocoele,,,Misc,N/A,,,,,,,,,,,
aca153b6-c201-4b50-ad77-70c6a087daf9,,,Genitourinary Female Symptoms,Genitourinary Female Symptoms,GENITOURINARY Symptoms (F),GENITOURINARY Symptoms (F),,,Question,Coded,,Normal; Dysuria; Frequency of Urinate; Hematuria; Incontinence; Vaginal Discharge; Vaginal Bleeding; Hernia or Hydrocoele;,,,,,,,,,
304b2bc7-40cb-429a-baba-fad7331f2eda,,,Genitourinary Male Symptoms,Genitourinary Male Symptoms,GENITOURINARY Symptoms (M),GENITOURINARY Symptoms (M),,,Question,Coded,,Normal; Dysuria; Frequency of Urinate; Hematuria; Incontinence; Hernia or Hydrocoele;,,,,,,,,,
91245a2c-b870-4de5-b62f-c4d38d7306a6,,,Headache,Headache,headache,headache,,,Misc,N/A,,,,,,,,,,,
bc217571-d403-4991-8027-be273a677562,,,Vertigo,Vertigo,vertigo,vertigo,,,Misc,N/A,,,,,,,,,,,
86b40a77-2b60-4733-b4cb-ced322e55f5c,,,Seizure,Seizure,seizure,seizure,,,Misc,N/A,,,,,,,,,,,
318c1cf1-d759-4752-a02d-4c929e9d3e31,,,Syncope,Syncope,syncope,syncope,,,Misc,N/A,,,,,,,,,,,
b69bc570-a4d4-4e1f-ae2f-5f4d94e7fc82,,,Other GU Symptoms,Other GU Symptoms,Other GU Symptoms,Other GU Symptoms,,,Misc,Text,,,,,,,,,,,
93e5e448-c36c-47bd-a5fc-cbeba94197f1,,,Sensory Changes,Sensory Changes,sensory changes,sensory changes,,,Misc,N/A,,,,,,,,,,,
8cc8c931-eef3-44f6-addb-62f170d0a36f,,,Motor Changes,Motor Changes,motor changes,motor changes,,,Misc,N/A,,,,,,,,,,,
34e0673e-c139-4492-a4de-0d8802ca6087,,,Balance Problems,Balance Problems,balance problems,balance problems,,,Misc,N/A,,,,,,,,,,,
7082a085-868e-47c6-8696-d600bdb4308e,,,Dizziness,Dizziness,dizziness,dizziness,,,Misc,N/A,,,,,,,,,,,
a01d0e9d-e54b-4b33-a1bd-39f487c96b6b,,,Other Neurologic Symptoms,Other Neurologic Symptoms,Other Neurological Symptoms,Other Neurological Symptoms,,,Misc,Text,,,,,,,,,,,
5c9a15a6-f5e6-4b70-aab3-8820120cc28d,,,Neurologic Symptoms,Neurologic Symptoms,NEUROLOGICAL Symptoms,NEUROLOGICAL Symptoms,,,Question,Coded,,Normal; Headache; Vertigo; Seizure; Syncope; Sensory Changes; Motor Changes; Balance Problems; Dizziness;,,,,,,,,,
2e103a97-b54e-4aa1-8758-95f132e2ff14,,,Pain,Pain,muscle pain,muscle pain,,,Misc,N/A,,,,,,,,,,,
36c6e908-ea99-481d-94f4-708c759a51dc,,,Joint Pain,Joint Pain,joint pain,joint pain,,,Misc,N/A,,,,,,,,,,,
87d69499-5026-418f-809c-b2d7579e65f6,,,Stiffness,Stiffness,stiffness,stiffness,,,Misc,N/A,,,,,,,,,,,
04e11801-ede4-4723-8720-8ea9ef1afa1f,,,Swelling,Swelling,swelling,swelling,,,Misc,N/A,,,,,,,,,,,
6a5e2947-f53f-426f-871a-0a8c3a3e7df5,,,Restriction of Motion,Restriction of Motion,restriction of motion,restriction of motion,,,Misc,N/A,,,,,,,,,,,
3e2593c9-cd84-4523-83c6-1db5a17b1132,,,Other Musculoskeletal Symptoms,Other Musculoskeletal Symptoms,Other Musculoskeletal Symptoms,Other Musculoskeletal Symptoms,,,Misc,Text,,,,,,,,,,,
ae9c3bd3-bf48-4d81-9987-49d1c8df00b0,,,Musculoskeletal Symptoms,Musculoskeletal Symptoms,MUSCULOSKELETAL Symptoms (Joint/Muscle),MUSCULOSKELETAL Symptoms (Joint/Muscle),,,Question,Coded,,Normal; Pain; Joint Pain; Stiffness; Swelling; Restriction of Motion;,,,,,,,,,
c637dd60-47e1-4f88-8354-86949b46c952,,,Polyuria or Polydipsia,Polyuria or Polydipsia,polyuria/polydipsia,polyuria/polydipsia,,,Misc,N/A,,,,,,,,,,,
8e08ca0a-9fe8-4113-958d-c567fa694ae8,,,Hirsutism,Hirsutism,hirsutism,hirsutism,,,Misc,N/A,,,,,,,,,,,
3bcd19c9-31e3-4c96-a187-ebf8dbbd0430,,,Other Endocrine Symptoms,Other Endocrine Symptoms,Endocrine Details,Endocrine Details,,,Misc,Text,,,,,,,,,,,
407a9566-33cb-44d9-9790-7fe80f06cfc9,,,Endocrine Symptoms,Endocrine Symptoms,ENDOCRINE Symptoms,ENDOCRINE Symptoms,,,Misc,Coded,,Normal; Polyuria or Polydipsia; Hirsutism;,,,,,,,,,
77a4f39d-7e8d-402c-9933-4253ea2430af,,,Rash,Rash,rash,rash,,,Misc,N/A,,,,,,,,,,,
c74c9d23-8dae-40e4-89a8-e3427e70be75,,,Pruritus,Pruritus,pruritus,pruritus,,,Misc,N/A,,,,,,,,,,,
ff8a7e75-ac33-4058-825e-5ba47c86c06c,,,Acne,Acne,acne,acne,,,Misc,N/A,,,,,,,,,,,
7009168b-ac53-4b0e-8bf4-f8c13179055a,,,Urticaria,Urticaria,urticaria,urticaria,,,Misc,N/A,,,,,,,,,,,
741689f2-3371-4dc5-b5a3-75c795a63ca4,,,Other Skin Symptoms,Other Skin Symptoms,Other Skin Symptoms,Other Skin Symptoms,,,Misc,Text,,,,,,,,,,,
65b06491-491c-4f65-b1e8-e83175556396,,,Skin Symptoms,Skin Symptoms,SKIN Symptoms,SKIN Symptoms,,,Question,Coded,,Normal; Rash; Pruritus; Acne; Urticaria;,,,,,,,,,
535f4453-11b1-40b4-9eeb-0e85139c4383,,,Skin Exam,Skin Exam,Skin Exam,Skin Exam,,,Question,Coded,,Normal; Abnormal;,,,,,,,,,
9791d419-b2ac-46f9-b87e-f5f1157a9ae8,,,Signs of Dehydration,Signs of Dehydration,poor skin turgor/edema/dehydration signs,poor skin turgor/edema/dehydration signs,,,Misc,N/A,,,,,,,,,,,
18016581-2a6e-4aec-9e8d-cf9eab35f9f2,,,Pallor,Pallor,pallor,pallor,,,Misc,N/A,,,,,,,,,,,
fda284dc-895f-42ef-a3a9-29e734a48f8f,,,Cyanosis,Cyanosis,cyanosis,cyanosis,,,Misc,N/A,,,,,,,,,,,
07d74db3-3e03-44e8-972d-3782bc07d5f5,,,Lesion,Lesion,lesion,lesion,,,Misc,N/A,,,,,,,,,,,
4a3d8398-8ff3-440c-8066-453a34ff8424,,,Jaundice,Jaundice,jaundice,jaundice,,,Misc,N/A,,,,,,,,,,,
0456abfd-c92c-494c-adf9-969682db2a1e,,,Redness,Redness,redness,redness,,,Misc,N/A,,,,,,,,,,,
7cb823c1-7323-47d5-804a-f5eae7c477ea,,,Skin Swelling,Skin Swelling,swelling,swelling,,,Misc,N/A,,,,,,,,,,,
568cdd61-2524-47ba-b0b1-e6f8374c729a,,,Ecchymosis,Ecchymosis,ecchymosis,ecchymosis,,,Misc,N/A,,,,,,,,,,,
4759b1e3-f5eb-4d64-9d6b-4723d35a2f27,,,Skin Exam Abnormalities,Skin Exam Abnormalities,Skin Signs,Skin Signs,,,Question,Coded,,Normal; Rash; Pallor; Cyanosis; Lesion; Jaundice; Redness; Skin Swelling; Ecchymosis; Signs of Dehydration;,,,,,,,,,
29eb0d19-1471-404c-a227-7bcd8b84eb8e,,,Skin Exam Details,Skin Exam Details,Skin Details,Skin Details,,,Question,Text,,,,,,,,,,,
27f21c85-286a-4e08-a799-ada3d506d3dc,,,Head Exam,Head Exam,Head Exam,Head Exam,,,Question,Coded,,Normal; Abnormal;,,,,,,,,,
c11a0a97-837c-4035-a843-12c65961ca31,,,Sunken or Bulging Fontanelle,Sunken or Bulging Fontanelle,sunken/bulging fontanelle,sunken/bulging fontanelle,,,Misc,N/A,,,,,,,,,,,
ce479243-3bf3-421f-a5fd-2da5d9550be4,,,Head Exam Abnormalities,Head Exam Abnormalities,Head Signs,Head Signs,,,Question,Coded,,Normal; Sunken or Bulging Fontanelle;,,,,,,,,,
a91cec1c-747f-4aa4-bf61-e007373c2242,,,Head Circumference,Head Circumference,Head Circumference,Head Circumference,,,Question,Numeric,,,,TRUE,cm,,,0,,,
d17de192-9c16-4ae8-8774-12136532aa8b,,,Neck Exam,Neck Exam,Neck Exam,Neck Exam,,,Question,Coded,,Normal; Abnormal;,,,,,,,,,
61486f4d-5bf4-49e1-b0ff-4aad4da349fc,,,Lymphadenopathy,Lymphadenopathy,lymphadenopathy,lymphadenopathy,,,Misc,N/A,,,,,,,,,,,
11391793-5276-44e5-ac30-e977258c7949,,,Thyroid mass,Thyroid mass,thyroid mass,thyroid mass,,,Misc,N/A,,,,,,,,,,,
81058ebf-1236-41de-af65-6871ea1244a0,,,Nuchal Rigidity,Nuchal Rigidity,nuchal rigidity,nuchal rigidity,,,Misc,N/A,,,,,,,,,,,
f04ff296-e59a-4b0f-8fbe-3eb21d4ba24d,,,Neck Exam Abnormalities,Neck Exam Abnormalities,Neck Signs,Neck Signs,,,Question,Coded,,Normal; Lymphadenopathy; Thyroid mass; Nuchal Rigidity;,,,,,,,,,
b9fc62f4-69d2-41fb-80e9-3558c610fb87,,,Ears Exam,Ears Exam,Ears Exam,Ears Exam,,,Question,Coded,,Normal; Abnormal;,,,,,,,,,
cbc83aad-b12c-41d7-baad-213a16005597,,,Fluid or Pus,Fluid or Pus,fluid/pus,fluid/pus,,,Misc,N/A,,,,,,,,,,,
67293657-5ea7-4485-bd46-e414e907b40d,,,Perforation,Perforation,perforation,perforation,,,Misc,N/A,,,,,,,,,,,
66d168fd-78bc-48e2-92c0-d8d0f56baa0b,,,Earwax Block,Earwax Block,earwax block,earwax block,,,Misc,N/A,,,,,,,,,,,
f1dd65ae-1d6e-496e-bde3-9b650bdb2ad4,,,Suppuration/Mastoid Tenderness,Suppuration/Mastoid Tenderness,suppuration/mastoid tenderness,suppuration/mastoid tenderness,,,Misc,N/A,,,,,,,,,,,
eb439a4b-95b3-443e-940e-40a54968fd6a,,,Ears Exam Abnormalities,Ears Exam Abnormalities,Ear Signs,Ear Signs,,,Question,Coded,,Normal; Fluid or Pus; Perforation; Earwax Block; Suppuration/Mastoid Tenderness;,,,,,,,,,
4e185054-9e67-4a09-b3db-f797f80400c0,,,Eyes Exam,Eyes Exam,Eyes Exam,Eyes Exam,,,Question,Coded,,Normal; Abnormal;,,,,,,,,,
bb7de397-943b-4e97-baa3-e26dc78591f8,,,PERRLA,PERRLA,PERRLA,PERRLA,,,Misc,N/A,,,,,,,,,,,
013488fe-b688-4648-8cbf-29b7bc4a0392,,,Scleral icterus,Scleral icterus,scleral icterus,scleral icterus,,,Misc,N/A,,,,,,,,,,,
0bc79c15-9f6a-4c40-bff4-f563c6db05b6,,,Conjunctiva Redness,Conjunctiva Redness,conjunctiva redness,conjunctiva redness,,,Misc,N/A,,,,,,,,,,,
9e5a7ab5-e44c-4e79-a599-3c7a9ee6c486,,,Eyes Exam Abnormalities,Eyes Exam Abnormalities,Eye Signs,Eye Signs,,,Question,Coded,,Normal; PERRLA; Scleral icterus; Conjunctiva Redness;,,,,,,,,,
dcc2fe81-7c5c-4820-ab7b-075d91157fdd,,,HEENT Exam Details and Other,HEENT Exam Details and Other,HEENT Details,HEENT Details,,,Question,Text,,,,,,,,,,,
a639fe88-9025-4c1a-b7e0-f49610f2940b,,,Chest and Lungs Exam,Chest and Lungs Exam,Chest/Lungs Exam,Chest/Lungs Exam,,,Question,Coded,,Normal; Abnormal;,,,,,,,,,
13721402-ac91-4b0d-b3d0-dfc33421abd9,,,Chest Asymmetrical,Chest Asymmetrical,chest asymmetrical,chest asymmetrical,,,Misc,N/A,,,,,,,,,,,
f26c8683-a683-4a17-b609-6a5952f65cd2,,,Chest Indrawing,Chest Indrawing,chest indrawing,chest indrawing,,,Misc,N/A,,,,,,,,,,,
8a71eb16-ae86-473c-9252-84b287aaef1c,,,Nasal Flaring,Nasal Flaring,nasal flaring,nasal flaring,,,Misc,N/A,,,,,,,,,,,
07cf7b74-2c2d-4ffa-a5d8-59bfdece278b,,,Stridor,Stridor,stridor,stridor,,,Misc,N/A,,,,,,,,,,,
625ca210-de64-4138-b1b5-f3a8524b658a,,,Grunting,Grunting,grunting,grunting,,,Misc,N/A,,,,,,,,,,,
68bf7ebf-81a2-416e-80f0-ed01e59d533c,,,Weeze,Weeze,wheeze,wheeze,,,Misc,N/A,,,,,,,,,,,
9eb1ef1e-43cf-4eae-baf6-50f3af05f20b,,,Rales,Rales,rales,rales,,,Misc,N/A,,,,,,,,,,,
dd781f35-8ff2-4190-be5c-e6493fca6fe9,,,Ronchi,Ronchi,ronchi,ronchi,,,Misc,N/A,,,,,,,,,,,
9e1a1a83-a923-4254-87b6-8907597b4cf7,,,Chest and Lungs Exam Details,Chest and Lungs Exam Details,Chest/Lung Details,Chest/Lung Details,,,Question,Text,,,,,,,,,,,
a624f003-6a7e-4616-89e5-855873f20fc4,,,Chest and Lungs Exam Abnormalities,Chest and Lungs Exam Abnormalities,Chest/Lung Signs,Chest/Lung Signs,,,Question,Coded,,Normal; Chest Asymmetrical; Chest Indrawing; Nasal Flaring; Stridor; Grunting; Weeze; Rales; Ronchi;,,,,,,,,,
91aa819a-04b5-4a33-bdd9-8ff14c6f8e9a,,,Cardiovascular Exam,Cardiovascular Exam,Cardiovascular Exam,Cardiovascular Exam,,,Question,Coded,,Normal; Abnormal;,,,,,,,,,
25551176-a6b5-46a2-92c0-a5ad57ded57d,,,Regular Rate and Rhythm,Regular Rate and Rhythm,RRR,RRR,,,Question,Boolean,,,,,,,,,,,
91784e4a-56fa-40c9-af90-1c253fe18c58,,,Carotid bruit,Carotid bruit,Carotid bruit,Carotid bruit,,,Question,Boolean,,,,,,,,,,,
d6924fc1-5cb8-4052-be76-4d3961747ba5,,,Jugular Venous Distention,Jugular Venous Distention,JVD,JVD,,,Misc,N/A,,,,,,,,,,,
c1c3de68-2346-4fc1-b27c-24ca85d87b81,,,Jugular Venous Distention Normal,Jugular Venous Distention Normal,JVD normal,JVD normal,,,Misc,N/A,,,,,,,,,,,
a1cb7060-9a2f-47a8-88bd-1fbb67e94c82,,,Murmur Systolic,Murmur Systolic,murmur systolic,murmur systolic,,,Misc,N/A,,,,,,,,,,,
90be24ce-c191-4b95-81ff-25c5207d1cc3,,,Murmur Diastolic,Murmur Diastolic,murmur diastolic,murmur diastolic,,,Misc,N/A,,,,,,,,,,,
5a89a5a5-a3ba-4c9f-b764-de91b267f6e5,,,Murmur Normal,Murmur Normal,murmur none,murmur none,,,Misc,N/A,,,,,,,,,,,
248ff2ff-5b63-4f4a-9e22-a8e429a24e03,,,Clubbing or cyanosis,Clubbing or cyanosis,clubbing/cyanosis,clubbing/cyanosis,,,Misc,N/A,,,,,,,,,,,
fb7388e8-bbab-402e-a145-6bb19db5bdb4,,,Edema,Edema,edema,edema,,,Misc,N/A,,,,,,,,,,,
1c6d9721-450e-4aec-9d00-1e25e85b56ea,,,Edema Severity,Edema Severity,Severity of edema (0 to 5),Severity of edema (0 to 5),,,Misc,Numeric,,,,,,,,0,5,,
f53daef2-d291-4f0c-ba8c-166553c868c4,,,Bradycardia,Bradycardia,bradycardia,bradycardia,,,Misc,N/A,,,,,,,,,,,
f3ff690e-cde2-4572-8ea7-4a3a1e7a9f89,,,Tachycardia,Tachycardia,tachycardia,tachycardia,,,Misc,N/A,,,,,,,,,,,
976f2ced-8217-4949-a504-5000f6ffaca5,,,Heartrate,Heartrate,Heartrate,Heartrate,,,Misc,Numeric,,,,,,60,90,10,500,,
a3daf57a-d7a1-4807-95e7-263f829f5d2c,,,Abnormal pulses location,Abnormal pulses location,Describe location of abnormal pulses,Describe location of abnormal pulses,,,Question,Text,,,,,,,,,,,
527c49f3-4d58-4135-a5be-d03724d76995,,,Cardiovascular Exam Details and Other,Cardiovascular Exam Details and Other,Cardiovascular Details,Cardiovascular Details,,,Question,Text,,,,,,,,,,,
af661b50-0322-4c3e-bdfa-ac457a1b524a,,,Cardiovascular Exam Abnormalities,Cardiovascular Exam Abnormalities,Cardiovascular Signs,Cardiovascular Signs,,,Question,Coded,,Normal; Jugular Venous Distention; Jugular Venous Distention Normal; Murmur Systolic; Murmur Diastolic; Murmur Normal; Clubbing or cyanosis; Edema; Bradycardia;Tachycardia;,,,,,,,,,
cc5c53ce-b81e-4bea-a4e3-0c0a418dac44,,,Abdomen Exam,Abdomen Exam,Abdomen Exam,Abdomen Exam,,,Question,Coded,,Normal; Abnormal;,,,,,,,,,
43ee7f4e-9a8c-430f-a97e-f1ef2d83e23d,,,Bowel sounds,Bowel sounds,bowel sounds abnormal,bowel sounds abnormal,,,Misc,N/A,,,,,,,,,,,
9ec8ca0a-7d5b-424f-9711-af8cdb61b6e3,,,Tenderness,Tenderness,tenderness,tenderness,,,Misc,N/A,,,,,,,,,,,
7c057dbc-d71d-4da7-8096-ffbea3db780c,,,Mass,Mass,mass,mass,,,Misc,N/A,,,,,,,,,,,
569a39a5-2264-4064-9551-fce9c7c1e189,,,Abdomen Exam Abnormalities,Abdomen Exam Abnormalities,Abdomen Signs,Abdomen Signs,,,Question,Coded,,Normal; Bowel sounds; Tenderness; Mass;,,,,,,,,,
cbe7592f-7a0b-425e-9184-1234d946ba7f,,,Abdomen Exam Details,Abdomen Exam Details,Abdomen Details,Abdomen Details,,,Question,Text,,,,,,,,,,,
bfda83a0-4576-491f-a109-31d9a141966f,,,Flank and Back Exam,Flank and Back Exam,Flank/Back Exam,Flank/Back Exam,,,Question,Coded,,Normal; Abnormal;,,,,,,,,,
8a793972-01eb-4611-a480-32dda5a787ff,,,Flank and Back Exam Abnormalities,Flank and Back Exam Abnormalities,FLANK/BACK Signs,FLANK/BACK Signs,,,Question,Coded,,Normal; Tenderness; Mass;,,,,,,,,,
6690dd1c-6a26-424c-958e-a970a54bd712,,,Flank and Back Exam Details,Flank and Back Exam Details,Flank/Back Details,Flank/Back Details,,,Question,Text,,,,,,,,,,,
e82ea280-7989-46c7-a167-ac52ed8a4088,,,Genitourinary Exam,Genitourinary Exam,GU Exam,GU Exam,,,Question,Coded,,Normal; Abnormal;,,,,,,,,,
da76218b-ad23-4f0d-abfc-d7e6ef16ae86,,,Prostate abnormality,Prostate abnormality,prostate abnormality,prostate abnormality,,,Misc,N/A,,,,,,,,,,,
bce255b6-36e8-4272-99b1-1b4bfc5e944d,,,Rectum abnormality,Rectum abnormality,rectum abnormality,rectum abnormality,,,Misc,N/A,,,,,,,,,,,
fb2f3579-166b-4723-bd26-f2e3cbfd3f4b,,,Urethral discharge,Urethral discharge,urethral discharge,urethral discharge,,,Misc,N/A,,,,,,,,,,,
9403cc17-f6ad-4695-aac1-ae19973c8462,,,Genital warts,Genital warts,genital warts,genital warts,,,Misc,N/A,,,,,,,,,,,
41eedd32-fc2e-431d-86bd-ea1b483113c2,,,Genital ulcer,Genital ulcer,genital ulcer,genital ulcer,,,Misc,N/A,,,,,,,,,,,
8c718ff3-bc4c-48c0-82a8-95e79e86b20e,,,Vulva abnormality,Vulva abnormality,vulva abnormality,vulva abnormality,,,Misc,N/A,,,,,,,,,,,
1bd04662-61c2-4d36-9c7f-9ab9774b93f3,,,Vagina abnormality,Vagina abnormality,vagina abnormality,vagina abnormality,,,Misc,N/A,,,,,,,,,,,
c57d32fc-5a96-4e54-855b-40b24ed840bf,,,Cervix abnormality,Cervix abnormality,cervix abnormality,cervix abnormality,,,Misc,N/A,,,,,,,,,,,
3ea21086-12a4-4532-b385-9974eaa82a45,,,Genitourinary Female Exam Abnormalities,Genitourinary Female Exam Abnormalities,GU Signs (F),GU Signs (F),,,Question,Coded,,Normal; Rectum abnormality; Urethral discharge; Genital warts; Genital ulcer; Vulva abnormality; Vagina abnormality; Vaginal Discharge; Cervix abnormality;,,,,,,,,,
d1721e54-62e1-4c27-bf4f-8ea4941c70ca,,,Genitourinary Male Exam Abnormalities,Genitourinary Male Exam Abnormalities,GU Signs (M),GU Signs (M),,,Question,Coded,,Normal; Prostate abnormality; Rectum abnormality; Urethral discharge;,,,,,,,,,
5c7ec4af-b2cd-48ae-953b-7c8436a08159,,,Genitourinary Exam Details,Genitourinary Exam Details,GU Details,GU Details,,,Question,Text,,,,,,,,,,,
7fae2d6e-5b03-4191-9675-6a31a38301a8,,,Musculoskeletal and Neurological Exam,Musculoskeletal and Neurological Exam,Musculoskeletal/Neurological,Musculoskeletal/Neurological,,,Question,Coded,,Normal; Abnormal;,,,,,,,,,
571463cb-962a-49da-9e00-489b92762256,,,Marasmus/Kwashiorkor,Marasmus/Kwashiorkor,marasmus/kwashiorkor,marasmus/kwashiorkor,,,Misc,N/A,,,,,,,,,,,
3afe75b9-b4db-423c-9c1c-ea4e6a094744,,,Musculoskeletal Exam Abnormalities,Musculoskeletal Exam Abnormalities,Musculoskeletal Signs,Musculoskeletal Signs,,,Question,Coded,,Normal; Marasmus/Kwashiorkor,,,,,,,,,
85bf1a28-a2c3-4b72-8a77-808dabd3716b,,,Muscle strength,Muscle strength,Muscle strength,Muscle strength,,,Question,Numeric,,,,,,4,5,0,5,,
13de9de7-7a20-42e3-bf08-de31f4816659,,,Abnormal muscle strength,Abnormal muscle strength,Abnormal muscle strength,Abnormal muscle strength,,,Abnormal,Boolean,,,,,,,,,,,
45a7990d-37e0-4a4c-a39b-c4f6d7ec2ef6,,,Deep Tendon Reflex,Deep Tendon Reflex,Deep tendon reflex,Deep tendon reflex,,,Question,Numeric,,,,,,1,3,0,5,,
78938d80-0539-4cd3-8cbd-e98363c9b79a,,,Abnormal Deep Tendon Reflex,Abnormal Deep Tendon Reflex,Abnormal Deep Tendon Reflex,Abnormal Deep Tendon Reflex,,,Abnormal,Boolean,,,,,,,,,,,
bd617ffa-9679-4a7d-92d2-76d829f9fdef,,,Musculoskeletal and Neurological Exam Details,Musculoskeletal and Neurological Exam Details,Musculoskeletal/Neurological Details,Musculoskeletal/Neurological Details,,,Question,Text,,,,,,,,,,,
8c0a4266-e016-442b-97e7-11d8ef58d958,,,Muscle Strength Set,Muscle Strength Set,Muscle Strength (0 to 5),Muscle Strength (0 to 5),,,Concept Details,N/A,,,Muscle strength; Abnormal muscle strength;,,,,,,,,
8e9f068a-9d56-47c7-a35d-cfcf7734aa5e,,,Deep Tendon Reflex Set,Deep Tendon Reflex Set,Deep Tendon Reflex (0 to 5),Deep Tendon Reflex (0 to 5),,,Concept Details,N/A,,,Deep Tendon Reflex; Abnormal Deep Tendon Reflex;,,,,,,,,
893f4515-4581-4ccf-8910-1448cb7d5918,,,Physical Exam Other,Physical Exam Other,PHYSICAL EXAM Details,PHYSICAL EXAM Details,,,Question,Text,,,,,,,,,,,
b7834add-a528-4242-8a97-f19e80456726,,,Abdominal pain,Abdominal pain,Abdominal pain,Abdominal pain,,,Misc,N/A,,,,,,,,,,,
5ac677ef-b229-4971-85ca-4e543bae4211,,,Abdominal Lump,Abdominal Lump,Abdominal Lump,Abdominal Lump,,,Misc,N/A,,,,,,,,,,,
82e81bf2-3d02-434f-9b96-179fb26c216a,,,Anorexia,Anorexia,Anorexia,Anorexia,,,Misc,N/A,,,,,,,,,,,
b34cc8e2-1329-49ff-a177-c999fb3191e2,,,Anasarca,Anasarca,Anasarca,Anasarca,,,Misc,N/A,,,,,,,,,,,
f866aab1-ce01-4446-9f05-5138def1e012,,,Anxiety states,Anxiety states,Anxiety states,Anxiety states,,,Misc,N/A,,,,,,,,,,,
ed10f32d-0eee-4a80-aaef-c8ac4152c717,,,Bleeding rectal,Bleeding rectal,Bleeding rectal,Bleeding rectal,,,Misc,N/A,,,,,,,,,,,
7f7423da-1b7c-4624-ac39-76a0a9ee1ac0,,,Cleft Palate,Cleft Palate,Cleft Palate,Cleft Palate,,,Misc,N/A,,,,,,,,,,,
0ec9d5a2-31a4-4e68-984e-e5f76a34588a,,,Constipation,Constipation,Constipation,Constipation,,,Misc,N/A,,,,,,,,,,,
221c18aa-3361-47dd-b82e-7bd73345de4e,,,Convulsions,Convulsions,Convulsions,Convulsions,,,Misc,N/A,,,,,,,,,,,
7701e751-1bd7-4c5b-9670-13085bed3fe9,,,"Crying, infant, excessive","Crying, infant, excessive","Crying, infant, excessive","Crying, infant, excessive",,,Misc,N/A,,,,,,,,,,,
bc84e218-1990-4acb-9a89-12d9460e120e,,,Dental caries,Dental caries,Dental caries,Dental caries,,,Misc,N/A,,,,,,,,,,,
0ad906ab-85ce-4428-bbe7-ebbac9380439,,,Dysphagia,Dysphagia,Dysphagia,Dysphagia,,,Misc,N/A,,,,,,,,,,,
45e0f5a5-b734-4def-8ef5-fd3a26d9a6ef,,,"Edema, localized, NOS","Edema, localized, NOS","Edema, localized, NOS","Edema, localized, NOS",,,Misc,N/A,,,,,,,,,,,
2c8ab1c9-7818-4d1b-b6ff-bee3387df7a8,,,Epistaxis,Epistaxis,Epistaxis,Epistaxis,,,Misc,N/A,,,,,,,,,,,
aede421d-e97a-4b85-97ed-3f24918e26a9,,,"Failure to thrive, child","Failure to thrive, child","Failure to thrive, child","Failure to thrive, child",,,Misc,N/A,,,,,,,,,,,
221af027-9db9-4f59-8c0e-4d09de04ea0d,,,"Fatigue and malaise, other","Fatigue and malaise, other","Fatigue and malaise, other","Fatigue and malaise, other",,,Misc,N/A,,,,,,,,,,,
ef785f2c-4d8c-4f80-8854-c093234b41c3,,,"Feeding problem, infant/elderly","Feeding problem, infant/elderly","Feeding problem, infant/elderly","Feeding problem, infant/elderly",,,Misc,N/A,,,,,,,,,,,
fc145a10-f999-4b4f-b8f4-2ca01aa36013,,,Fracture upper arm,Fracture upper arm,Fracture upper arm,Fracture upper arm,,,Misc,N/A,,,,,,,,,,,
255db999-00fa-4783-b895-002d988fda33,,,Gas/bloating,Gas/bloating,Gas/bloating,Gas/bloating,,,Misc,N/A,,,,,,,,,,,
a946b4b8-9f47-426e-baba-3337d6d2ecd8,,,Gingival and periodontal diseases,Gingival and periodontal diseases,Gingival and periodontal diseases,Gingival and periodontal diseases,,,Misc,N/A,,,,,,,,,,,
37e9ef7a-fe1a-4ed7-95cb-4211c5d0b298,,,Hearing loss,Hearing loss,Hearing loss,Hearing loss,,,Misc,N/A,,,,,,,,,,,
6e947de3-e61c-4179-b100-5bd1ab7c6351,,,Heartburn,Heartburn,Heartburn,Heartburn,,,Misc,N/A,,,,,,,,,,,
e3567a7e-64ea-4a2b-95cc-cdbd5bf03aed,,,Blood in vomiting,Blood in vomiting,Blood in vomiting,Blood in vomiting,,,Misc,N/A,,,,,,,,,,,
ed52f7f2-98dc-40b8-9685-6398c5c9eb73,,,Hemiplegia and hemiparesis,Hemiplegia and hemiparesis,Hemiplegia and hemiparesis,Hemiplegia and hemiparesis,,,Misc,N/A,,,,,,,,,,,
6ae58bb9-d212-44de-b5a4-7e96c146d20c,,,Hiccups,Hiccups,Hiccups,Hiccups,,,Misc,N/A,,,,,,,,,,,
d329c68f-3143-4c17-acc4-faa4929085c3,,,Hoarseness,Hoarseness,Hoarseness,Hoarseness,,,Misc,N/A,,,,,,,,,,,
5426409d-11ea-406e-b06f-2212f0da3793,,,Infertility,Infertility,Infertility,Infertility,,,Misc,N/A,,,,,,,,,,,
c260522d-33a0-4fe4-9365-fcbab6a67f77,,,Injury,Injury,Injury,Injury,,,Misc,N/A,,,,,,,,,,,
4d79b299-c9d5-4270-8316-ba5712764b5e,,,Irregular menstrual cycle,Irregular menstrual cycle,Irregular menstrual cycle,Irregular menstrual cycle,,,Misc,N/A,,,,,,,,,,,
d76f7369-f2ae-459c-b2da-9c763a147c03,,,Joint swelling single,Joint swelling single,Joint swelling single,Joint swelling single,,,Misc,N/A,,,,,,,,,,,
03079089-0b75-42eb-a1fb-3f297b739b0e,,,"Localized swelling/mass, superficial","Localized swelling/mass, superficial","Localized swelling/mass, superficial","Localized swelling/mass, superficial",,,Misc,N/A,,,,,,,,,,,
70c58845-e090-482d-85cc-af38f3e36e8f,,,Lump in breast,Lump in breast,Lump in breast,Lump in breast,,,Misc,N/A,,,,,,,,,,,
4ff86722-5559-4b7b-a61c-a49c43d6dd19,,,Malaise and fatigue,Malaise and fatigue,Malaise and fatigue,Malaise and fatigue,,,Misc,N/A,,,,,,,,,,,
48da1977-bdb4-476a-be5c-0466ad69f049,,,Memory loss,Memory loss,Memory loss,Memory loss,,,Misc,N/A,,,,,,,,,,,
9e11a4ad-4ee9-4bd7-b1af-336858cc7ba2,,,Mental status changes,Mental status changes,Mental status changes,Mental status changes,,,Misc,N/A,,,,,,,,,,,
39dd7eb3-9ea8-453a-ae50-3031e5540c06,,,Nausea w/ vomiting,Nausea w/ vomiting,Nausea w/ vomiting,Nausea w/ vomiting,,,Misc,N/A,,,,,,,,,,,
70fd9bc3-f12f-47d4-bfdb-c3b25c2711eb,,,Nausea alone,Nausea alone,Nausea alone,Nausea alone,,,Misc,N/A,,,,,,,,,,,
95ee9f8e-e754-4946-94a9-8f4302c7712f,,,Nocturia,Nocturia,Nocturia,Nocturia,,,Misc,N/A,,,,,,,,,,,
b6c151c1-b38d-4dd5-a731-fc87cb599b79,,,Obstructed labor,Obstructed labor,Obstructed labor,Obstructed labor,,,Misc,N/A,,,,,,,,,,,
9d23816b-75fb-4794-ac66-b42add70ea68,,,"Pain, chronic, due to trauma","Pain, chronic, due to trauma","Pain, chronic, due to trauma","Pain, chronic, due to trauma",,,Misc,N/A,,,,,,,,,,,
ec332ca6-a4f2-44e9-9553-7df3873569bc,,,"Pain, knee","Pain, knee","Pain, knee","Pain, knee",,,Misc,N/A,,,,,,,,,,,
95327382-4344-4e47-9457-2f76ee17f441,,,Low backache,Low backache,Low backache,Low backache,,,Misc,N/A,,,,,,,,,,,
580bf106-4780-4b45-b25b-836b68524c51,,,Polyuria,Polyuria,Polyuria,Polyuria,,,Misc,N/A,,,,,,,,,,,
0169c5ad-550a-4bb8-9c00-b3d6354c432f,,,"Rash, nonvesicular, unspec.","Rash, nonvesicular, unspec.","Rash, nonvesicular, unspec.","Rash, nonvesicular, unspec.",,,Misc,N/A,,,,,,,,,,,
d2b16ce2-85fe-43b7-b7df-c823e3cab20d,,,Something coming out of anus,Something coming out of anus,Something coming out of anus,Something coming out of anus,,,Misc,N/A,,,,,,,,,,,
e9179f27-e5b3-440d-b81a-02e7e353c6b7,,,"Seizure, convulsions, other","Seizure, convulsions, other","Seizure, convulsions, other","Seizure, convulsions, other",,,Misc,N/A,,,,,,,,,,,
b757060e-1574-4320-925f-6d6b22d78ee0,,,"Seizure, simple, febrile, unspec.","Seizure, simple, febrile, unspec.","Seizure, simple, febrile, unspec.","Seizure, simple, febrile, unspec.",,,Misc,N/A,,,,,,,,,,,
0172876b-2778-43fc-9102-5ba7ef7e501c,,,Shortness of breath,Shortness of breath,Shortness of breath,Shortness of breath,,,Misc,N/A,,,,,,,,,,,
95b0bb95-2d23-4719-a874-0e6b45df4461,,,Sickle-cell anemia,Sickle-cell anemia,Sickle-cell anemia,Sickle-cell anemia,,,Misc,N/A,,,,,,,,,,,
8bbd7572-5bfc-4278-845d-23192b39c00c,,,Somethingcoming out per vaginum,Somethingcoming out per vaginum,Somethingcoming out per vaginum,Somethingcoming out per vaginum,,,Misc,N/A,,,,,,,,,,,
fe2f4802-cbf9-4df7-903d-e403d891ff33,,,Stomatitis and mucositis,Stomatitis and mucositis,Stomatitis and mucositis,Stomatitis and mucositis,,,Misc,N/A,,,,,,,,,,,
39973a66-e917-407c-aed0-fd27375c3938,,,"Sweating, excessive","Sweating, excessive","Sweating, excessive","Sweating, excessive",,,Misc,N/A,,,,,,,,,,,
bb917d14-0ad7-42c6-af04-0b6409418d90,,,Throat pain,Throat pain,Throat pain,Throat pain,,,Misc,N/A,,,,,,,,,,,
4d0dd8bd-1a36-43f8-8659-c73a016618b1,,,Ulcer of lower limbs,Ulcer of lower limbs,Ulcer of lower limbs,Ulcer of lower limbs,,,Misc,N/A,,,,,,,,,,,
4e26940c-8ad9-4003-929a-575deab2581a,,,Walking difficulty,Walking difficulty,Walking difficulty,Walking difficulty,,,Misc,N/A,,,,,,,,,,,
a8827191-30ae-495d-80c5-7001f7ca72e3,,,Non-Coded Chief Complaint,Non-Coded Chief Complaint,Non-Coded Chief Complaint,Non-Coded Chief Complaint,,,Misc,Text,,,,,,,,,,,
6c05f020-9ccd-4a18-aa11-731d56cc12fe,,,Chief Complaint,Chief Complaint,Chief Complaint,Chief Complaint,,,Misc,Coded,,"Abdominal pain;Abdominal Lump;Anorexia;Anasarca;Anxiety states;Bleeding rectal;Chest Pain;Cleft Palate;Constipation;Convulsions;Cough;Crying, infant, excessive;Dental caries;Dysphagia;Edema, localized, NOS;Epistaxis;Failure to thrive, child;Fatigue and malaise, other;Feeding problem, infant/elderly;Fever;Fracture upper arm;Gas/bloating;Gingival and periodontal diseases;Headache;Hearing loss;Heartburn;Blood in vomiting;Hemiplegia and hemiparesis;Hemoptysis;Hiccups;Hoarseness;Infertility;Injury;Irregular menstrual cycle;Joint swelling single;Localized swelling/mass, superficial;Lump in breast;Swelling;Malaise and fatigue;Memory loss;Mental status changes;Nausea w/ vomiting;Nausea alone;Nocturia;Obstructed labor;Pain, chronic, due to trauma;Pain, knee;Low backache;Palpitations;Polyuria;Rash, nonvesicular, unspec.;Something coming out of anus;Seizure, convulsions, other;Seizure, simple, febrile, unspec.;Shortness of breath;Sickle-cell anemia;Somethingcoming out per vaginum;Stomatitis and mucositis;Sweating, excessive;Throat pain;Ulcer of lower limbs;Vomiting;Walking difficulty;Wheezing",,,,,,,,,
792fc69e-65cf-444d-a275-14eb91cb5c6a,,,Chief Complaint Duration,Chief Complaint Duration,Chief Complaint Duration,Chief Complaint Duration,,,Duration,Numeric,,,,TRUE,,,,,,,
bdef9d94-f58e-4597-9eea-0911d1e55ee4,,,Chief Complaint Data,Problems,Chief Complaint Data,Problems,,,Concept Details,N/A,,,6c05f020-9ccd-4a18-aa11-731d56cc12fe;Non-Coded Chief Complaint;Chief Complaint Duration,,,,,,,,
39d41b1e-0847-4cef-a21c-354e17fda185,,,Consultation Images,Consultation Images,Consultation Images,Consultation Images,,,Image,Complex,ImageUrlHandler,,,,,,,,,,
80f00568-a7de-41a9-8aee-0a2e681941ae,,,Consultation Form,Consultation Form,Consultation,Consultation,,,ConvSet,N/A,,,New Case;Chief Complaint Data; Complaint Desc common; History of Present Illness; Progress Note; Physical Exam Other; General Symptoms; Other General Symptoms; Skin Symptoms; Skin Exam Abnormalities; Skin Exam Details; HEENT Symptoms; Head Exam Abnormalities; Head Circumference; Neck Exam Abnormalities; Ears Exam Abnormalities; Eyes Exam Abnormalities; HEENT Exam Details and Other; Respiratory Symptoms; Chest and Lungs Exam Abnormalities; Chest and Lungs Exam Details; Cardiovascular Symptoms; Regular Rate and Rhythm; Carotid bruit; Cardiovascular Exam Abnormalities; Heartrate; Cardiovascular Exam Details and Other; Endocrine Symptoms; Other Endocrine Symptoms; Gastrointestinal Symptoms; Abdomen Exam Abnormalities; Abdomen Exam Details; Genitourinary Female Symptoms; Genitourinary Male Symptoms; Genitourinary Female Exam Abnormalities; Genitourinary Male Exam Abnormalities; Genitourinary Exam Details; Flank and Back Exam Abnormalities; Flank and Back Exam Details; Neurologic Symptoms; Musculoskeletal Symptoms; Musculoskeletal Exam Abnormalities; Muscle Strength Set; Deep Tendon Reflex Set; Musculoskeletal and Neurological Exam Details; Consultation Images;,,,,,,,,