Côte d'Ivoire,Autonome d'Abidjan,Autonome d'Abidjan,Abidjan,Abobo,Abobo Gare
Côte d'Ivoire,Autonome d'Abidjan,Autonome d'Abidjan,Abidjan,Abobo,Mairie
Côte d'Ivoire,Autonome d'Abidjan,Autonome d'Abidjan,Abidjan,Abobo,N'Dotré
Côte d'Ivoire,Autonome d'Abidjan,Autonome d'Abidjan,Abidjan,Adjamé,Fraternité matin
Côte d'Ivoire,Autonome d'Abidjan,Autonome d'Abidjan,Abidjan,Adjamé,Mairie
Côte d'Ivoire,Autonome d'Abidjan,Autonome d'Abidjan,Abidjan,Adjamé,Forum
Côte d'Ivoire,Autonome d'Abidjan,Autonome d'Abidjan,Abidjan,Adjamé,Williamsville
Côte d'Ivoire,Autonome d'Abidjan,Autonome d'Abidjan,Abidjan,Adjamé,Indenié
Côte d'Ivoire,Autonome d'Abidjan,Autonome d'Abidjan,Abidjan,Cocody,2 Plateaux 7eme Tranche
Côte d'Ivoire,Autonome d'Abidjan,Autonome d'Abidjan,Abidjan,Cocody,2 Plateaux Agban
Côte d'Ivoire,Autonome d'Abidjan,Autonome d'Abidjan,Abidjan,Cocody,2 Plateaux Aghien
Côte d'Ivoire,Autonome d'Abidjan,Autonome d'Abidjan,Abidjan,Cocody,2 Plateaux Latrille
Côte d'Ivoire,Autonome d'Abidjan,Autonome d'Abidjan,Abidjan,Cocody,2 Plateaux paillet
Côte d'Ivoire,Autonome d'Abidjan,Autonome d'Abidjan,Abidjan,Cocody,2 Plateaux Zoo
Côte d'Ivoire,Autonome d'Abidjan,Autonome d'Abidjan,Abidjan,Cocody,2 Plateaux Vallon
Côte d'Ivoire,Autonome d'Abidjan,Autonome d'Abidjan,Abidjan,Cocody,Angré 8eme Tranche
Côte d'Ivoire,Autonome d'Abidjan,Autonome d'Abidjan,Abidjan,Cocody,Angré Château
Côte d'Ivoire,Autonome d'Abidjan,Autonome d'Abidjan,Abidjan,Cocody,Angré CNPS
Côte d'Ivoire,Autonome d'Abidjan,Autonome d'Abidjan,Abidjan,Cocody,Angré Nouveau CHU
Côte d'Ivoire,Autonome d'Abidjan,Autonome d'Abidjan,Abidjan,Cocody,Plateau Dokui
Côte d'Ivoire,Autonome d'Abidjan,Autonome d'Abidjan,Abidjan,Cocody,Angré Sicogi
Côte d'Ivoire,Autonome d'Abidjan,Autonome d'Abidjan,Abidjan,Cocody,Blockauss
Côte d'Ivoire,Autonome d'Abidjan,Autonome d'Abidjan,Abidjan,Cocody,Hotel Ivoire
Côte d'Ivoire,Autonome d'Abidjan,Autonome d'Abidjan,Abidjan,Cocody,Danga
Côte d'Ivoire,Autonome d'Abidjan,Autonome d'Abidjan,Abidjan,Cocody,Mermoz
Côte d'Ivoire,Autonome d'Abidjan,Autonome d'Abidjan,Abidjan,Cocody,Université FHB
Côte d'Ivoire,Autonome d'Abidjan,Autonome d'Abidjan,Abidjan,Cocody,Riviéra Akouedo
Côte d'Ivoire,Autonome d'Abidjan,Autonome d'Abidjan,Abidjan,Cocody,Riviéra Attoban
Côte d'Ivoire,Autonome d'Abidjan,Autonome d'Abidjan,Abidjan,Cocody,Riviéra Bonomin
Côte d'Ivoire,Autonome d'Abidjan,Autonome d'Abidjan,Abidjan,Cocody,Riviéra Faya
Côte d'Ivoire,Autonome d'Abidjan,Autonome d'Abidjan,Abidjan,Cocody,Riviéra Golf
Côte d'Ivoire,Autonome d'Abidjan,Autonome d'Abidjan,Abidjan,Cocody,Riviéra M'badon
Côte d'Ivoire,Autonome d'Abidjan,Autonome d'Abidjan,Abidjan,Cocody,Riviéra Nouveau Camp
Côte d'Ivoire,Autonome d'Abidjan,Autonome d'Abidjan,Abidjan,Cocody,Riviéra Palmeraie Sipim 1
Côte d'Ivoire,Autonome d'Abidjan,Autonome d'Abidjan,Abidjan,Cocody,Riviéra Palmeraie  Sipim 2
Côte d'Ivoire,Autonome d'Abidjan,Autonome d'Abidjan,Abidjan,Cocody,Riviéra Palmeraie Sipim 3
Côte d'Ivoire,Autonome d'Abidjan,Autonome d'Abidjan,Abidjan,Cocody,Rivera 2
Côte d'Ivoire,Autonome d'Abidjan,Autonome d'Abidjan,Abidjan,Cocody,Rivera 3
Côte d'Ivoire,Autonome d'Abidjan,Autonome d'Abidjan,Abidjan,Cocody,Rivera 4 
Côte d'Ivoire,Autonome d'Abidjan,Autonome d'Abidjan,Abidjan,Cocody,Faya
Côte d'Ivoire,Autonome d'Abidjan,Autonome d'Abidjan,Abidjan,Cocody,Riviéra Cité Laurier
Côte d'Ivoire,Autonome d'Abidjan,Autonome d'Abidjan,Abidjan,Cocody,Riviéra M'pouto
Côte d'Ivoire,Autonome d'Abidjan,Autonome d'Abidjan,Abidjan,Cocody,Riviéra Sol béni
Côte d'Ivoire,Autonome d'Abidjan,Autonome d'Abidjan,Abidjan,Cocody,Riviéra Palmeraie Rosier 1
Côte d'Ivoire,Autonome d'Abidjan,Autonome d'Abidjan,Abidjan,Cocody,Riviéra Palmeraie Rosier 2
Côte d'Ivoire,Autonome d'Abidjan,Autonome d'Abidjan,Abidjan,Cocody,Riviéra Palmeraie Rosier 3
Côte d'Ivoire,Autonome d'Abidjan,Autonome d'Abidjan,Abidjan,Cocody,Riviéra Palmeraie Rosier 4
Côte d'Ivoire,Autonome d'Abidjan,Autonome d'Abidjan,Abidjan,Cocody,Riviéra Palmeraie Rosier 5
Côte d'Ivoire,Autonome d'Abidjan,Autonome d'Abidjan,Abidjan,Cocody,Riviéra Palmeraie Rosier 6
Côte d'Ivoire,Autonome d'Abidjan,Autonome d'Abidjan,Abidjan,Cocody,Riviéra Palmeraie Rosier 1
Côte d'Ivoire,Autonome d'Abidjan,Autonome d'Abidjan,Abidjan,Cocody,Riviéra Palmeraie Sipim 4
Côte d'Ivoire,Autonome d'Abidjan,Autonome d'Abidjan,Abidjan,Cocody,Riviéra Complexe
Côte d'Ivoire,Autonome d'Abidjan,Autonome d'Abidjan,Abidjan,Koumassi,Campement
Côte d'Ivoire,Autonome d'Abidjan,Autonome d'Abidjan,Abidjan,Koumassi,Grand Marché
Côte d'Ivoire,Autonome d'Abidjan,Autonome d'Abidjan,Abidjan,Koumassi,Mairie
Côte d'Ivoire,Autonome d'Abidjan,Autonome d'Abidjan,Abidjan,Koumassi,Grande mosquée
Côte d'Ivoire,Autonome d'Abidjan,Autonome d'Abidjan,Abidjan,Koumassi,Nord-Est
Côte d'Ivoire,Autonome d'Abidjan,Autonome d'Abidjan,Abidjan,Koumassi,Remblais
Côte d'Ivoire,Autonome d'Abidjan,Autonome d'Abidjan,Abidjan,Koumassi,SIcogi
Côte d'Ivoire,Autonome d'Abidjan,Autonome d'Abidjan,Abidjan,Koumassi,Sopim
Côte d'Ivoire,Autonome d'Abidjan,Autonome d'Abidjan,Abidjan,Koumassi,Zone Idustrielle
Côte d'Ivoire,Autonome d'Abidjan,Autonome d'Abidjan,Abidjan,Marcory,Anoumabo
Côte d'Ivoire,Autonome d'Abidjan,Autonome d'Abidjan,Abidjan,Marcory,Centre commercial
Côte d'Ivoire,Autonome d'Abidjan,Autonome d'Abidjan,Abidjan,Marcory,GFCI
Côte d'Ivoire,Autonome d'Abidjan,Autonome d'Abidjan,Abidjan,Marcory,Champroux
Côte d'Ivoire,Autonome d'Abidjan,Autonome d'Abidjan,Abidjan,Marcory,Marcory résidentiel
Côte d'Ivoire,Autonome d'Abidjan,Autonome d'Abidjan,Abidjan,Marcory,Remblais
Côte d'Ivoire,Autonome d'Abidjan,Autonome d'Abidjan,Abidjan,Marcory,Sicogi
Côte d'Ivoire,Autonome d'Abidjan,Autonome d'Abidjan,Abidjan,Marcory,ZONE 4 Biétry
Côte d'Ivoire,Autonome d'Abidjan,Autonome d'Abidjan,Abidjan,Marcory,ZONE 4 CAP SUD
Côte d'Ivoire,Autonome d'Abidjan,Autonome d'Abidjan,Abidjan,Marcory,ZONE 4 Mairie
Côte d'Ivoire,Autonome d'Abidjan,Autonome d'Abidjan,Abidjan,Marcory,ZONE 4 Paul Langevin
Côte d'Ivoire,Autonome d'Abidjan,Autonome d'Abidjan,Abidjan,Plateau,Sorbone
Côte d'Ivoire,Autonome d'Abidjan,Autonome d'Abidjan,Abidjan,Plateau,Tiama
Côte d'Ivoire,Autonome d'Abidjan,Autonome d'Abidjan,Abidjan,Plateau,Cathédrale
Côte d'Ivoire,Autonome d'Abidjan,Autonome d'Abidjan,Abidjan,Plateau,Indenié
Côte d'Ivoire,Autonome d'Abidjan,Autonome d'Abidjan,Abidjan,Plateau,Rue du Commerce
Côte d'Ivoire,Autonome d'Abidjan,Autonome d'Abidjan,Abidjan,Port-Bouet,Abattoir
Côte d'Ivoire,Autonome d'Abidjan,Autonome d'Abidjan,Abidjan,Port-Bouet,43e Bima
Côte d'Ivoire,Autonome d'Abidjan,Autonome d'Abidjan,Abidjan,Port-Bouet,Aéroport
Côte d'Ivoire,Autonome d'Abidjan,Autonome d'Abidjan,Abidjan,Port-Bouet,Vridi Cité Universitaire
Côte d'Ivoire,Autonome d'Abidjan,Autonome d'Abidjan,Abidjan,Port-Bouet,ZI de Vridi
Côte d'Ivoire,Autonome d'Abidjan,Autonome d'Abidjan,Abidjan,Port-Bouet,SIR
Côte d'Ivoire,Autonome d'Abidjan,Autonome d'Abidjan,Abidjan,Treichville,Terminal de Vridi
Côte d'Ivoire,Autonome d'Abidjan,Autonome d'Abidjan,Abidjan,Treichville,Chu
Côte d'Ivoire,Autonome d'Abidjan,Autonome d'Abidjan,Abidjan,Treichville,Gare de bassam
Côte d'Ivoire,Autonome d'Abidjan,Autonome d'Abidjan,Abidjan,Treichville,Marchés
Côte d'Ivoire,Autonome d'Abidjan,Autonome d'Abidjan,Abidjan,Treichville,Zone portuaire
Côte d'Ivoire,Autonome d'Abidjan,Autonome d'Abidjan,Abidjan,Yopougon,1er Pont
Côte d'Ivoire,Autonome d'Abidjan,Autonome d'Abidjan,Abidjan,Yopougon,Academie
Côte d'Ivoire,Autonome d'Abidjan,Autonome d'Abidjan,Abidjan,Yopougon,ananeraire
Côte d'Ivoire,Autonome d'Abidjan,Autonome d'Abidjan,Abidjan,Yopougon,Azito
Côte d'Ivoire,Autonome d'Abidjan,Autonome d'Abidjan,Abidjan,Yopougon,Cité Abdoulaye Diallo
Côte d'Ivoire,Autonome d'Abidjan,Autonome d'Abidjan,Abidjan,Yopougon,Cité Verte
Côte d'Ivoire,Autonome d'Abidjan,Autonome d'Abidjan,Abidjan,Yopougon,Ficgayo
Côte d'Ivoire,Autonome d'Abidjan,Autonome d'Abidjan,Abidjan,Yopougon,Lièvre Rouge
Côte d'Ivoire,Autonome d'Abidjan,Autonome d'Abidjan,Abidjan,Yopougon,Lokoa
Côte d'Ivoire,Autonome d'Abidjan,Autonome d'Abidjan,Abidjan,Yopougon,Mamie Adjoua Batim
Côte d'Ivoire,Autonome d'Abidjan,Autonome d'Abidjan,Abidjan,Yopougon,Maroc
Côte d'Ivoire,Autonome d'Abidjan,Autonome d'Abidjan,Abidjan,Yopougon,Millionnaire
Côte d'Ivoire,Autonome d'Abidjan,Autonome d'Abidjan,Abidjan,Yopougon,Niangon
Côte d'Ivoire,Autonome d'Abidjan,Autonome d'Abidjan,Abidjan,Yopougon,Nouveaux Quartiers
Côte d'Ivoire,Autonome d'Abidjan,Autonome d'Abidjan,Abidjan,Yopougon,Oasis
Côte d'Ivoire,Autonome d'Abidjan,Autonome d'Abidjan,Abidjan,Yopougon,Port Bouet 2
Côte d'Ivoire,Autonome d'Abidjan,Autonome d'Abidjan,Abidjan,Yopougon,Selmer
Côte d'Ivoire,Autonome d'Abidjan,Autonome d'Abidjan,Abidjan,Yopougon,Sicogi
Côte d'Ivoire,Autonome d'Abidjan,Autonome d'Abidjan,Abidjan,Yopougon,Sideci
Côte d'Ivoire,Autonome d'Abidjan,Autonome d'Abidjan,Abidjan,Yopougon,Sogephia
Côte d'Ivoire,Autonome d'Abidjan,Autonome d'Abidjan,Abidjan,Yopougon,Toits ROUGES
Côte d'Ivoire,Autonome d'Abidjan,Autonome d'Abidjan,Abidjan,Yopougon,ZONR INDUSTRIELLE
Côte d'Ivoire,Autonome d'Abidjan,Autonome d'Abidjan,Abidjan,Yopougon,Sotra
Côte d'Ivoire,Autonome d'Abidjan,Autonome d'Abidjan,Abidjan,Yopougon, Zone industrielle feu
Côte d'Ivoire,Autonome d'Abidjan,Autonome d'Abidjan,Abidjan,Yopougon,Zone Industrielle IDC
Côte d'Ivoire,Autonome d'Abidjan,Autonome d'Abidjan,Abidjan,Yopougon,Zone Idustrielle MACA
Côte d'Ivoire,Autonome d'Abidjan,Autonome d'Abidjan,Abidjan,Yopougon,Zone Industrielle 
Côte d'Ivoire,Autonome d'Abidjan,Autonome d'Abidjan,Abidjan,Yopougon,Micao
Côte d'Ivoire,Autonome d'Abidjan,Autonome d'Abidjan,Abidjan,Anyama,
Côte d'Ivoire,Autonome d'Abidjan,Autonome d'Abidjan,Abidjan,Bingerville,
Côte d'Ivoire,Autonome d'Abidjan,Autonome d'Abidjan,Abidjan,Songon,
Côte d'Ivoire,Autonome d'Abidjan,Autonome d'Abidjan,Attiegouakro,Attiegouakro,
Côte d'Ivoire,Autonome d'Abidjan,Autonome d'Abidjan,Yamoussoukro,Yamoussoukro,
Côte d'Ivoire,Vallée du Bandama,Gbeke,Beoumi,Béoumi,
Côte d'Ivoire,Vallée du Bandama,Gbeke,Beoumi,Bodokro,
Côte d'Ivoire,Vallée du Bandama,Gbeke,Botro,Botro,
Côte d'Ivoire,Vallée du Bandama,Gbeke,Botro,Diabo,
Côte d'Ivoire,Vallée du Bandama,Gbeke,Bouake,Bouaké,
Côte d'Ivoire,Vallée du Bandama,Gbeke,Bouake,Brobo,
Côte d'Ivoire,Vallée du Bandama,Gbeke,Bouake,Djebonoua,
Côte d'Ivoire,Vallée du Bandama,Gbeke,Sakassou,Sakassou,
Côte d'Ivoire,Vallée du Bandama,Hambol,Dabakala,Bassawa,
Côte d'Ivoire,Vallée du Bandama,Hambol,Dabakala,Bonieredougou,
Côte d'Ivoire,Vallée du Bandama,Hambol,Dabakala,Dabakala,
Côte d'Ivoire,Vallée du Bandama,Hambol,Dabakala,Foumbolo,
Côte d'Ivoire,Vallée du Bandama,Hambol,Dabakala,Satama-Sokoro,
Côte d'Ivoire,Vallée du Bandama,Hambol,Katiola,Fronan,
Côte d'Ivoire,Vallée du Bandama,Hambol,Katiola,Katiola,
Côte d'Ivoire,Vallée du Bandama,Hambol,Niakaramadougou,Niakaramadougou,
Côte d'Ivoire,Vallée du Bandama,Hambol,Niakaramadougou,Tafiré,
Côte d'Ivoire,Vallée du Bandama,Hambol,Niakaramadougou,Tortiya,